channel,reason,ref
21Sextury.us,nsfw,https://github.com/iptv-org/iptv/issues/15723
40Plus.uk,nsfw,https://github.com/iptv-org/iptv/issues/15723
A3Bikini.us,nsfw,https://github.com/iptv-org/iptv/issues/15723
AdultChannel.uk,nsfw,https://github.com/iptv-org/iptv/issues/15723
AdultChannel1.rs,nsfw,https://github.com/iptv-org/iptv/issues/15723
AdultChannel2.rs,nsfw,https://github.com/iptv-org/iptv/issues/15723
AdultChannel3.rs,nsfw,https://github.com/iptv-org/iptv/issues/15723
AdultChannel4.rs,nsfw,https://github.com/iptv-org/iptv/issues/15723
AdultChannel5.rs,nsfw,https://github.com/iptv-org/iptv/issues/15723
AdultChannel6.rs,nsfw,https://github.com/iptv-org/iptv/issues/15723
AdultChannel7.rs,nsfw,https://github.com/iptv-org/iptv/issues/15723
AdultIPTVnetAnal.us,nsfw,https://github.com/iptv-org/iptv/issues/15723
AdultIPTVnetAsian.us,nsfw,https://github.com/iptv-org/iptv/issues/15723
AdultIPTVnetBigAss.us,nsfw,https://github.com/iptv-org/iptv/issues/15723
AdultIPTVnetBigDick.us,nsfw,https://github.com/iptv-org/iptv/issues/15723
AdultIPTVnetBigTits.us,nsfw,https://github.com/iptv-org/iptv/issues/15723
AdultIPTVnetBlonde.us,nsfw,https://github.com/iptv-org/iptv/issues/15723
AdultIPTVnetBlowjob.us,nsfw,https://github.com/iptv-org/iptv/issues/15723
AdultIPTVnetBrunette.us,nsfw,https://github.com/iptv-org/iptv/issues/15723
AdultIPTVnetCompilation.us,nsfw,https://github.com/iptv-org/iptv/issues/15723
AdultIPTVnetCuckold.us,nsfw,https://github.com/iptv-org/iptv/issues/15723
AdultIPTVnetFetish.us,nsfw,https://github.com/iptv-org/iptv/issues/15723
AdultIPTVnetGangbang.us,nsfw,https://github.com/iptv-org/iptv/issues/15723
AdultIPTVnetGay.us,nsfw,https://github.com/iptv-org/iptv/issues/15723
AdultIPTVnetHardcore.us,nsfw,https://github.com/iptv-org/iptv/issues/15723
AdultIPTVnetInterracial.us,nsfw,https://github.com/iptv-org/iptv/issues/15723
AdultIPTVnetLatina.us,nsfw,https://github.com/iptv-org/iptv/issues/15723
AdultIPTVnetLesbian.us,nsfw,https://github.com/iptv-org/iptv/issues/15723
AdultIPTVnetLiveCams.us,nsfw,https://github.com/iptv-org/iptv/issues/15723
AdultIPTVnetMILF.us,nsfw,https://github.com/iptv-org/iptv/issues/15723
AdultIPTVnetPornstar.us,nsfw,https://github.com/iptv-org/iptv/issues/15723
AdultIPTVnetPOV.us,nsfw,https://github.com/iptv-org/iptv/issues/15723
AdultIPTVnetRough.us,nsfw,https://github.com/iptv-org/iptv/issues/15723
AdultIPTVnetRussian.us,nsfw,https://github.com/iptv-org/iptv/issues/15723
AdultIPTVnetTeen.us,nsfw,https://github.com/iptv-org/iptv/issues/15723
AdultIPTVnetThreesome.us,nsfw,https://github.com/iptv-org/iptv/issues/15723
AdultIPTVnetWoman.us,nsfw,https://github.com/iptv-org/iptv/issues/15723
AlbaXXXHD1.ru,nsfw,https://github.com/iptv-org/iptv/issues/15723
AlbaXXXHD2.ru,nsfw,https://github.com/iptv-org/iptv/issues/15723
AlexLegend.us,nsfw,https://github.com/iptv-org/iptv/issues/15723
AllAnal.ca,nsfw,https://github.com/iptv-org/iptv/issues/15723
AllAnalAllTheTime.us,nsfw,https://github.com/iptv-org/iptv/issues/15723
AlureChannel.th,nsfw,https://github.com/iptv-org/iptv/issues/15723
AmateurBoxxx.us,nsfw,https://github.com/iptv-org/iptv/issues/15723
AmazingTV.tw,nsfw,https://github.com/iptv-org/iptv/issues/15723
Anal4K.uk,nsfw,https://github.com/iptv-org/iptv/issues/15723
AnalMom.us,nsfw,https://github.com/iptv-org/iptv/issues/15723
AnalOnly.ca,nsfw,https://github.com/iptv-org/iptv/issues/15723
AnalTeenAngels.uk,nsfw,https://github.com/iptv-org/iptv/issues/15723
Angels.si,nsfw,https://github.com/iptv-org/iptv/issues/15723
AOVAdultMovieChannel.ca,nsfw,https://github.com/iptv-org/iptv/issues/15723
AssholeFever.uk,nsfw,https://github.com/iptv-org/iptv/issues/15723
AssParade.us,nsfw,https://github.com/iptv-org/iptv/issues/15723
ASTTV1.cy,nsfw,https://github.com/iptv-org/iptv/issues/15723
ASTTV2.cy,nsfw,https://github.com/iptv-org/iptv/issues/15723
AVKing.jp,nsfw,https://github.com/iptv-org/iptv/issues/15723
Babenation.uk,nsfw,https://github.com/iptv-org/iptv/issues/15723
BabesandBrazzers.uk,nsfw,https://github.com/iptv-org/iptv/issues/15723
Babestation.uk,nsfw,https://github.com/iptv-org/iptv/issues/15723
Babestation24.ch,nsfw,https://github.com/iptv-org/iptv/issues/15723
BabesTV.us,nsfw,https://github.com/iptv-org/iptv/issues/15723
BalkanErotic.si,nsfw,https://github.com/iptv-org/iptv/issues/15723
BananaFever.us,nsfw,https://github.com/iptv-org/iptv/issues/15723
BananaTV.tw,nsfw,https://github.com/iptv-org/iptv/issues/15723
BangBus.us,nsfw,https://github.com/iptv-org/iptv/issues/15723
BangPOV.us,nsfw,https://github.com/iptv-org/iptv/issues/15723
BangU.us,nsfw,https://github.com/iptv-org/iptv/issues/15723
BarelyLegalTV.us,nsfw,https://github.com/iptv-org/iptv/issues/15723
BBCPie.uk,nsfw,https://github.com/iptv-org/iptv/issues/15723
BCUCharmHD.ru,nsfw,https://github.com/iptv-org/iptv/issues/15723
BeateUhseTV.de,nsfw,https://github.com/iptv-org/iptv/issues/15723
Bizarre.al,nsfw,https://github.com/iptv-org/iptv/issues/15723
Bliss.si,nsfw,https://github.com/iptv-org/iptv/issues/15723
BlueHustler.nl,nsfw,https://github.com/iptv-org/iptv/issues/15723
BodySex.pt,nsfw,https://github.com/iptv-org/iptv/issues/15723
BooB.si,nsfw,https://github.com/iptv-org/iptv/issues/15723
BrandNewAmateurs.us,nsfw,https://github.com/iptv-org/iptv/issues/15723
BrattySis.us,nsfw,https://github.com/iptv-org/iptv/issues/15723
BrazzersTVEurope.us,nsfw,https://github.com/iptv-org/iptv/issues/15723
BungaBunga.al,nsfw,https://github.com/iptv-org/iptv/issues/15723
Candy3DHD.ru,nsfw,https://github.com/iptv-org/iptv/issues/15723
CandyManTV.ru,nsfw,https://github.com/iptv-org/iptv/issues/15723
CandyTV.ru,nsfw,https://github.com/iptv-org/iptv/issues/15723
CapableHole.si,nsfw,https://github.com/iptv-org/iptv/issues/15723
CentoXCentoTV.it,nsfw,https://github.com/iptv-org/iptv/issues/15723
ChannelAdult.hk,nsfw,https://github.com/iptv-org/iptv/issues/15723
ChannelBlue.hk,nsfw,https://github.com/iptv-org/iptv/issues/15723
ChannelFire.hk,nsfw,https://github.com/iptv-org/iptv/issues/15723
CherryBomb.jp,nsfw,https://github.com/iptv-org/iptv/issues/15723
CineManExExEx.ru,nsfw,https://github.com/iptv-org/iptv/issues/15723
CineManExExExTWO.ru,nsfw,https://github.com/iptv-org/iptv/issues/15723
CinemaPlus.co,nsfw,https://github.com/iptv-org/iptv/issues/15723
ColmaxTV.fr,nsfw,https://github.com/iptv-org/iptv/issues/15723
Cum4k.uk,nsfw,https://github.com/iptv-org/iptv/issues/15723
CumPerfection.us,nsfw,https://github.com/iptv-org/iptv/issues/15723
DadCrush.us,nsfw,https://github.com/iptv-org/iptv/issues/15723
DancingBear.us,nsfw,https://github.com/iptv-org/iptv/issues/15723
DaneJones.us,nsfw,https://github.com/iptv-org/iptv/issues/15723
DarkRed.es,nsfw,https://github.com/iptv-org/iptv/issues/15723
DarkX.us,nsfw,https://github.com/iptv-org/iptv/issues/15723
DeepLush.us,nsfw,https://github.com/iptv-org/iptv/issues/15723
DeepThroatSirens.ca,nsfw,https://github.com/iptv-org/iptv/issues/15723
Desire.al,nsfw,https://github.com/iptv-org/iptv/issues/15723
Desire.uk,nsfw,https://github.com/iptv-org/iptv/issues/15723
DesireTV.kr,nsfw,https://github.com/iptv-org/iptv/issues/15723
DevilsFilm.ca,nsfw,https://github.com/iptv-org/iptv/issues/15723
DevilsHome.si,nsfw,https://github.com/iptv-org/iptv/issues/15723
DirtyFlix.us,nsfw,https://github.com/iptv-org/iptv/issues/15723
DirtyMasseur.ca,nsfw,https://github.com/iptv-org/iptv/issues/15723
DirtyWivesClub.us,nsfw,https://github.com/iptv-org/iptv/issues/15723
DorcelTV.nl,nsfw,https://github.com/iptv-org/iptv/issues/15723
DorcelTVAfrica.nl,nsfw,https://github.com/iptv-org/iptv/issues/15723
DorcelTVCanada.ca,nsfw,https://github.com/iptv-org/iptv/issues/15723
DorcelXXX.nl,nsfw,https://github.com/iptv-org/iptv/issues/15723
DPFanatics.uk,nsfw,https://github.com/iptv-org/iptv/issues/15723
DreamPornTV.ba,nsfw,https://github.com/iptv-org/iptv/issues/15723
DuskTV.nl,nsfw,https://github.com/iptv-org/iptv/issues/15723
DynamiteTV.jp,nsfw,https://github.com/iptv-org/iptv/issues/15723
Enter959.jp,nsfw,https://github.com/iptv-org/iptv/issues/15723
Eromania4K.ru,nsfw,https://github.com/iptv-org/iptv/issues/15723
Eropulsde.de,nsfw,https://github.com/iptv-org/iptv/issues/15723
Erotic.rs,nsfw,https://github.com/iptv-org/iptv/issues/15723
Erotic2.rs,nsfw,https://github.com/iptv-org/iptv/issues/15723
Erotic3.rs,nsfw,https://github.com/iptv-org/iptv/issues/15723
Erotic4.rs,nsfw,https://github.com/iptv-org/iptv/issues/15723
Erotic5.rs,nsfw,https://github.com/iptv-org/iptv/issues/15723
Erotic6.rs,nsfw,https://github.com/iptv-org/iptv/issues/15723
Erotic7.rs,nsfw,https://github.com/iptv-org/iptv/issues/15723
Erotic8.rs,nsfw,https://github.com/iptv-org/iptv/issues/15723
EroticaX.us,nsfw,https://github.com/iptv-org/iptv/issues/15723
EroticSpice.ca,nsfw,https://github.com/iptv-org/iptv/issues/15723
EroX.nl,nsfw,https://github.com/iptv-org/iptv/issues/15723
EroXXX.nl,nsfw,https://github.com/iptv-org/iptv/issues/15723
EuroGirlsonGirls.cz,nsfw,https://github.com/iptv-org/iptv/issues/15723
EvilAngelTV.us,nsfw,https://github.com/iptv-org/iptv/issues/15723
Exotic4K.uk,nsfw,https://github.com/iptv-org/iptv/issues/15723
EXTANSYTV4K.cz,nsfw,https://github.com/iptv-org/iptv/issues/15723
EXTASYTV.cz,nsfw,https://github.com/iptv-org/iptv/issues/15723
Extreme.si,nsfw,https://github.com/iptv-org/iptv/issues/15723
Exxxotica.ru,nsfw,https://github.com/iptv-org/iptv/issues/15723
ExxxtasyTV.ca,nsfw,https://github.com/iptv-org/iptv/issues/15723
FamilyStrokes.us,nsfw,https://github.com/iptv-org/iptv/issues/15723
FamilySwap.us,nsfw,https://github.com/iptv-org/iptv/issues/15723
FAPTV.ru,nsfw,https://github.com/iptv-org/iptv/issues/15723
FAPTV2.ru,nsfw,https://github.com/iptv-org/iptv/issues/15723
FAPTV3.ru,nsfw,https://github.com/iptv-org/iptv/issues/15723
FAPTV4.ru,nsfw,https://github.com/iptv-org/iptv/issues/15723
FAPTVAmateur.ru,nsfw,https://github.com/iptv-org/iptv/issues/15723
FAPTVAnal.ru,nsfw,https://github.com/iptv-org/iptv/issues/15723
FAPTVBBW.ru,nsfw,https://github.com/iptv-org/iptv/issues/15723
FAPTVCompilation.ru,nsfw,https://github.com/iptv-org/iptv/issues/15723
FAPTVGay.ru,nsfw,https://github.com/iptv-org/iptv/issues/15723
FAPTVLesbian.ru,nsfw,https://github.com/iptv-org/iptv/issues/15723
FAPTVOlder.ru,nsfw,https://github.com/iptv-org/iptv/issues/15723
FAPTVParody.ru,nsfw,https://github.com/iptv-org/iptv/issues/15723
FAPTVTeaching.ru,nsfw,https://github.com/iptv-org/iptv/issues/15723
FAPTVTeens.ru,nsfw,https://github.com/iptv-org/iptv/issues/15723
FAPTVTrans.ru,nsfw,https://github.com/iptv-org/iptv/issues/15723
FashionTVMidnightSecrets.fr,nsfw,https://github.com/iptv-org/iptv/issues/15723
Flamingo.jp,nsfw,https://github.com/iptv-org/iptv/issues/15723
FoxyDolls.si,nsfw,https://github.com/iptv-org/iptv/issues/15723
FrenchLover.ru,nsfw,https://github.com/iptv-org/iptv/issues/15723
FrenchLoverTV.fr,nsfw,https://github.com/iptv-org/iptv/issues/15723
GLAMHD.si,nsfw,https://github.com/iptv-org/iptv/issues/15723
HappyChannel.tw,nsfw,https://github.com/iptv-org/iptv/issues/15723
HiPlay.tw,nsfw,https://github.com/iptv-org/iptv/issues/15723
HoneyTV.kr,nsfw,https://github.com/iptv-org/iptv/issues/15723
HOT.pt,nsfw,https://github.com/iptv-org/iptv/issues/15723
HOT1HD.ru,nsfw,https://github.com/iptv-org/iptv/issues/15723
HOT2HD.ru,nsfw,https://github.com/iptv-org/iptv/issues/15723
HotChannel.tw,nsfw,https://github.com/iptv-org/iptv/issues/15723
HOTMan.pt,nsfw,https://github.com/iptv-org/iptv/issues/15723
HotPleasure.si,nsfw,https://github.com/iptv-org/iptv/issues/15723
HOTTaboo.pt,nsfw,https://github.com/iptv-org/iptv/issues/15723
HotwifePremium.us,nsfw,https://github.com/iptv-org/iptv/issues/15723
HotXXL.si,nsfw,https://github.com/iptv-org/iptv/issues/15723
HustlerHD.nl,nsfw,https://github.com/iptv-org/iptv/issues/15723
HustlerTV.us,nsfw,https://github.com/iptv-org/iptv/issues/15723
HustlerTVEurope.nl,nsfw,https://github.com/iptv-org/iptv/issues/15723
IceFire.hk,nsfw,https://github.com/iptv-org/iptv/issues/15723
Iskushenie.ru,nsfw,https://github.com/iptv-org/iptv/issues/15723
JacquieMichelTV.fr,nsfw,https://github.com/iptv-org/iptv/issues/15723
JasminTV.lu,nsfw,https://github.com/iptv-org/iptv/issues/15723
JennyForYou.us,nsfw,https://github.com/iptv-org/iptv/issues/15723
JennyLive.us,nsfw,https://github.com/iptv-org/iptv/issues/15723
Kino18Plus.ru,nsfw,https://github.com/iptv-org/iptv/issues/15723
Kino18PlusInternational.ru,nsfw,https://github.com/iptv-org/iptv/issues/15723
KinoshkaAdultHD.ru,nsfw,https://github.com/iptv-org/iptv/issues/15723
KinoXXX.ru,nsfw,https://github.com/iptv-org/iptv/issues/15723
kmpChannel.jp,nsfw,https://github.com/iptv-org/iptv/issues/15723
KSTVErotica.ua,nsfw,https://github.com/iptv-org/iptv/issues/15723
KSTVFantasyArt.ua,nsfw,https://github.com/iptv-org/iptv/issues/15723
KSTVHotFilms.ua,nsfw,https://github.com/iptv-org/iptv/issues/15723
KSTVLesbianLove.ua,nsfw,https://github.com/iptv-org/iptv/issues/15723
KSTVSecret18Plus.ua,nsfw,https://github.com/iptv-org/iptv/issues/15723
Legal.si,nsfw,https://github.com/iptv-org/iptv/issues/15723
LEOTV.cz,nsfw,https://github.com/iptv-org/iptv/issues/15723
LEOTVGOLD.cz,nsfw,https://github.com/iptv-org/iptv/issues/15723
LibertyErotikaFHD.uk,nsfw,https://github.com/iptv-org/iptv/issues/15723
LohasChannel.tw,nsfw,https://github.com/iptv-org/iptv/issues/15723
LustPur.de,nsfw,https://github.com/iptv-org/iptv/issues/15723
MaleflixxxTelevision.ca,nsfw,https://github.com/iptv-org/iptv/issues/15723
ManX.be,nsfw,https://github.com/iptv-org/iptv/issues/15723
MeidenvanHollandHard.nl,nsfw,https://github.com/iptv-org/iptv/issues/15723
MetArtHD.us,nsfw,https://github.com/iptv-org/iptv/issues/15723
MiamiTV.us,nsfw,https://github.com/iptv-org/iptv/issues/15723
MiamiTVDJ.us,nsfw,https://github.com/iptv-org/iptv/issues/15723
MiamiTVFashion.us,nsfw,https://github.com/iptv-org/iptv/issues/15723
MiamiTVGold.us,nsfw,https://github.com/iptv-org/iptv/issues/15723
MiamiTVHealth.us,nsfw,https://github.com/iptv-org/iptv/issues/15723
MiamiTVLatino.us,nsfw,https://github.com/iptv-org/iptv/issues/15723
MiamiTVLife.us,nsfw,https://github.com/iptv-org/iptv/issues/15723
MiamiTVMexico.us,nsfw,https://github.com/iptv-org/iptv/issues/15723
MiamiTVMusic.us,nsfw,https://github.com/iptv-org/iptv/issues/15723
MiamiTVMystery.us,nsfw,https://github.com/iptv-org/iptv/issues/15723
Midnight.kr,nsfw,https://github.com/iptv-org/iptv/issues/15723
MidnightBlue.jp,nsfw,https://github.com/iptv-org/iptv/issues/15723
MilfTV.si,nsfw,https://github.com/iptv-org/iptv/issues/15723
MIxxx.si,nsfw,https://github.com/iptv-org/iptv/issues/15723
MyCamTVAnal.cy,nsfw,https://github.com/iptv-org/iptv/issues/15723
MyCamTVArab.cy,nsfw,https://github.com/iptv-org/iptv/issues/15723
MyCamTVAsian.cy,nsfw,https://github.com/iptv-org/iptv/issues/15723
MyCamTVBigAss.cy,nsfw,https://github.com/iptv-org/iptv/issues/15723
MyCamTVBigTits.cy,nsfw,https://github.com/iptv-org/iptv/issues/15723
MyCamTVBlonde.cy,nsfw,https://github.com/iptv-org/iptv/issues/15723
MyCamTVBlowjob.cy,nsfw,https://github.com/iptv-org/iptv/issues/15723
MyCamTVBrunette.cy,nsfw,https://github.com/iptv-org/iptv/issues/15723
MyCamTVEbony.cy,nsfw,https://github.com/iptv-org/iptv/issues/15723
MyCamTVLatina.cy,nsfw,https://github.com/iptv-org/iptv/issues/15723
MyCamTVMedium.cy,nsfw,https://github.com/iptv-org/iptv/issues/15723
MyCamTVMILF.cy,nsfw,https://github.com/iptv-org/iptv/issues/15723
MyCamTVSkinny.cy,nsfw,https://github.com/iptv-org/iptv/issues/15723
MyCamTVSquirt.cy,nsfw,https://github.com/iptv-org/iptv/issues/15723
MyCamTVTeen.cy,nsfw,https://github.com/iptv-org/iptv/issues/15723
MyCamTVWhite.cy,nsfw,https://github.com/iptv-org/iptv/issues/15723
MyCamTVYoung.cy,nsfw,https://github.com/iptv-org/iptv/issues/15723
MyDirtyMobile.de,nsfw,https://github.com/iptv-org/iptv/issues/15723
Naughty.si,nsfw,https://github.com/iptv-org/iptv/issues/15723
NetXXL.si,nsfw,https://github.com/iptv-org/iptv/issues/15723
NightClub.ru,nsfw,https://github.com/iptv-org/iptv/issues/15723
NuartTV.ru,nsfw,https://github.com/iptv-org/iptv/issues/15723
Olala.ru,nsfw,https://github.com/iptv-org/iptv/issues/15723
OSNMoviesPremiere.ae,nsfw,https://github.com/iptv-org/iptv/issues/15723
OursHD1.tw,nsfw,https://github.com/iptv-org/iptv/issues/15723
OursHD2.tw,nsfw,https://github.com/iptv-org/iptv/issues/15723
OursHD3.tw,nsfw,https://github.com/iptv-org/iptv/issues/15723
OXAHHD.ru,nsfw,https://github.com/iptv-org/iptv/issues/15723
PandoraPerfectHD.tw,nsfw,https://github.com/iptv-org/iptv/issues/15723
PandoraPink.tw,nsfw,https://github.com/iptv-org/iptv/issues/15723
ParadiseTV.jp,nsfw,https://github.com/iptv-org/iptv/issues/15723
PassieXXX.nl,nsfw,https://github.com/iptv-org/iptv/issues/15723
PassionXXX.nl,nsfw,https://github.com/iptv-org/iptv/issues/15723
PassionXXX2.nl,nsfw,https://github.com/iptv-org/iptv/issues/15723
PenthouseAfterMidnight.us,nsfw,https://github.com/iptv-org/iptv/issues/15723
PenthouseBlack.us,nsfw,https://github.com/iptv-org/iptv/issues/15723
PenthouseGold.us,nsfw,https://github.com/iptv-org/iptv/issues/15723
PenthouseHD1.us,nsfw,https://github.com/iptv-org/iptv/issues/15723
PenthouseHD2.us,nsfw,https://github.com/iptv-org/iptv/issues/15723
PenthouseNaughtyNights.us,nsfw,https://github.com/iptv-org/iptv/issues/15723
PenthousePassion.us,nsfw,https://github.com/iptv-org/iptv/issues/15723
PenthouseQuickies.us,nsfw,https://github.com/iptv-org/iptv/issues/15723
PenthouseRealityTV.us,nsfw,https://github.com/iptv-org/iptv/issues/15723
PenthouseTV.ca,nsfw,https://github.com/iptv-org/iptv/issues/15723
PenthouseTV.us,nsfw,https://github.com/iptv-org/iptv/issues/15723
PenthouseTVMonthlyOffer.us,nsfw,https://github.com/iptv-org/iptv/issues/15723
PhoenixMarieTV.us,nsfw,https://github.com/iptv-org/iptv/issues/15723
Pigoo.jp,nsfw,https://github.com/iptv-org/iptv/issues/15723
PinkOTV.it,nsfw,https://github.com/iptv-org/iptv/issues/15723
PinkX.fr,nsfw,https://github.com/iptv-org/iptv/issues/15723
PlayboyChannel.jp,nsfw,https://github.com/iptv-org/iptv/issues/15723
PlayboyTV.br,nsfw,https://github.com/iptv-org/iptv/issues/15723
PlayboyTV.kr,nsfw,https://github.com/iptv-org/iptv/issues/15723
PlayboyTV.uk,nsfw,https://github.com/iptv-org/iptv/issues/15723
PlayboyTV.us,nsfw,https://github.com/iptv-org/iptv/issues/15723
PlayboyTVAsia.us,nsfw,https://github.com/iptv-org/iptv/issues/15723
PlayboyTVenEspanol.us,nsfw,https://github.com/iptv-org/iptv/issues/15723
PlayboyTVEurope.us,nsfw,https://github.com/iptv-org/iptv/issues/15723
PlayboyTVIberia.us,nsfw,https://github.com/iptv-org/iptv/issues/15723
PlayboyTVLatinAmerica.us,nsfw,https://github.com/iptv-org/iptv/issues/15723
PlayboyTVMonthlyOffer.us,nsfw,https://github.com/iptv-org/iptv/issues/15723
PlayHouse.si,nsfw,https://github.com/iptv-org/iptv/issues/15723
PlaymenTV.ca,nsfw,https://github.com/iptv-org/iptv/issues/15723
Plus18.mn,nsfw,https://github.com/iptv-org/iptv/issues/15723
PlutoTVEmmanuelleFilme.de,nsfw,https://github.com/iptv-org/iptv/issues/15723
PlutoTVEros.de,nsfw,https://github.com/iptv-org/iptv/issues/15723
PlutoTVErotica.de,nsfw,https://github.com/iptv-org/iptv/issues/15723
PlutoTVheisseNachte.de,nsfw,https://github.com/iptv-org/iptv/issues/15723
PlutoTVHeisseNachteRetro.de,nsfw,https://github.com/iptv-org/iptv/issues/15723
PlutoTVSanfteBeruhrungen.de,nsfw,https://github.com/iptv-org/iptv/issues/15723
PornhubTV.us,nsfw,https://github.com/iptv-org/iptv/issues/15723
PrivateSpice.fr,nsfw,https://github.com/iptv-org/iptv/issues/15723
PrivateTV.nl,nsfw,https://github.com/iptv-org/iptv/issues/15723
ProkopTVXXX.ru,nsfw,https://github.com/iptv-org/iptv/issues/15723
PublicAgent.ca,nsfw,https://github.com/iptv-org/iptv/issues/15723
PureBabes.us,nsfw,https://github.com/iptv-org/iptv/issues/15723
QUBEAdultFilms.us,nsfw,https://github.com/iptv-org/iptv/issues/15723
RainbowChannel.jp,nsfw,https://github.com/iptv-org/iptv/issues/15723
RainbowChannel.tw,nsfw,https://github.com/iptv-org/iptv/issues/15723
RealityKingsHD.us,nsfw,https://github.com/iptv-org/iptv/issues/15723
RealityKingsTV.us,nsfw,https://github.com/iptv-org/iptv/issues/15723
RedCherry.jp,nsfw,https://github.com/iptv-org/iptv/issues/15723
RedHotTV.ca,nsfw,https://github.com/iptv-org/iptv/issues/15723
RedlightHD.nl,nsfw,https://github.com/iptv-org/iptv/issues/15723
RedLips.ru,nsfw,https://github.com/iptv-org/iptv/issues/15723
REDxxx.si,nsfw,https://github.com/iptv-org/iptv/issues/15723
RKPrime.us,nsfw,https://github.com/iptv-org/iptv/issues/15723
RKTV.us,nsfw,https://github.com/iptv-org/iptv/issues/15723
Russiannight.ru,nsfw,https://github.com/iptv-org/iptv/issues/15723
S66Cams.uk,nsfw,https://github.com/iptv-org/iptv/issues/15723
SatisfactionHD.lu,nsfw,https://github.com/iptv-org/iptv/issues/15723
SCT.it,nsfw,https://github.com/iptv-org/iptv/issues/15723
SexArt.cy,nsfw,https://github.com/iptv-org/iptv/issues/15723
SexationTV.si,nsfw,https://github.com/iptv-org/iptv/issues/15723
Sexprive.br,nsfw,https://github.com/iptv-org/iptv/issues/15723
Sextosenso.it,nsfw,https://github.com/iptv-org/iptv/issues/15723
Sextreme.br,nsfw,https://github.com/iptv-org/iptv/issues/15723
SexWithMuslims.cz,nsfw,https://github.com/iptv-org/iptv/issues/15723
SexyHot.br,nsfw,https://github.com/iptv-org/iptv/issues/15723
Shalun.ru,nsfw,https://github.com/iptv-org/iptv/issues/15723
Silk.ru,nsfw,https://github.com/iptv-org/iptv/issues/15723
SINematica.uk,nsfw,https://github.com/iptv-org/iptv/issues/15723
SirinaTV.gr,nsfw,https://github.com/iptv-org/iptv/issues/15723
SkinemaxHD.ca,nsfw,https://github.com/iptv-org/iptv/issues/15723
SKYHIGHSEXVR.ru,nsfw,https://github.com/iptv-org/iptv/issues/15723
SonseeTV1.tw,nsfw,https://github.com/iptv-org/iptv/issues/15723
SonseeTV2.tw,nsfw,https://github.com/iptv-org/iptv/issues/15723
SonseeTV3.tw,nsfw,https://github.com/iptv-org/iptv/issues/15723
SonseeTV4.tw,nsfw,https://github.com/iptv-org/iptv/issues/15723
Splash.jp,nsfw,https://github.com/iptv-org/iptv/issues/15723
SunBeachTV.us,nsfw,https://github.com/iptv-org/iptv/issues/15723
SuperONE.hu,nsfw,https://github.com/iptv-org/iptv/issues/15723
TarotVision.es,nsfw,https://github.com/iptv-org/iptv/issues/15723
TelevisionX.uk,nsfw,https://github.com/iptv-org/iptv/issues/15723
Tiny4K.uk,nsfw,https://github.com/iptv-org/iptv/issues/15723
TransAngels.ca,nsfw,https://github.com/iptv-org/iptv/issues/15723
TrueAmateurs.ca,nsfw,https://github.com/iptv-org/iptv/issues/15723
TrueAmateurs.uk,nsfw,https://github.com/iptv-org/iptv/issues/15723
TUSHY.us,nsfw,https://github.com/iptv-org/iptv/issues/15723
TUSHYRAW.us,nsfw,https://github.com/iptv-org/iptv/issues/15723
VanillaSkyChannel.jp,nsfw,https://github.com/iptv-org/iptv/issues/15723
Venus.ar,nsfw,https://github.com/iptv-org/iptv/issues/15723
VENUS.jp,nsfw,https://github.com/iptv-org/iptv/issues/15723
VERAPORNGROUPSEX1.ru,nsfw,https://github.com/iptv-org/iptv/issues/15723
VERAPORNGROUPSEX2.ru,nsfw,https://github.com/iptv-org/iptv/issues/15723
Viki.kr,nsfw,https://github.com/iptv-org/iptv/issues/15723
VisitXTV.nl,nsfw,https://github.com/iptv-org/iptv/issues/15723
VividRedHD.us,nsfw,https://github.com/iptv-org/iptv/issues/15723
VividTouch.uk,nsfw,https://github.com/iptv-org/iptv/issues/15723
VividTV.us,nsfw,https://github.com/iptv-org/iptv/issues/15723
VividTVEurope.uk,nsfw,https://github.com/iptv-org/iptv/issues/15723
VividTVMonthlyOffer.us,nsfw,https://github.com/iptv-org/iptv/issues/15723
VixenHD.us,nsfw,https://github.com/iptv-org/iptv/issues/15723
VixenTV.ca,nsfw,https://github.com/iptv-org/iptv/issues/15723
WeLiveTogether.us,nsfw,https://github.com/iptv-org/iptv/issues/15723
WhiteBoxxx.ro,nsfw,https://github.com/iptv-org/iptv/issues/15723
Wicked.us,nsfw,https://github.com/iptv-org/iptv/issues/15723
X1.al,nsfw,https://github.com/iptv-org/iptv/issues/15723
XMO.nl,nsfw,https://github.com/iptv-org/iptv/issues/15723
XpandedTV.uk,nsfw,https://github.com/iptv-org/iptv/issues/15723
XXL.fr,nsfw,https://github.com/iptv-org/iptv/issues/15723
XXXCartoons.de,nsfw,https://github.com/iptv-org/iptv/issues/15723
XXXLovesBerryHD.ru,nsfw,https://github.com/iptv-org/iptv/issues/15723
XXXTazy.si,nsfw,https://github.com/iptv-org/iptv/issues/15723
XYmax.uk,nsfw,https://github.com/iptv-org/iptv/issues/15723
XYmix.uk,nsfw,https://github.com/iptv-org/iptv/issues/15723
XYplus.uk,nsfw,https://github.com/iptv-org/iptv/issues/15723
Zaptv.jp,nsfw,https://github.com/iptv-org/iptv/issues/15723
