channel,id,name,alt_names,is_main,broadcast_area,timezones,languages,format
00sReplay.us,SD,SD,,TRUE,c/US,America/Los_Angeles,eng,720p
21JumpStreet.us,SD,SD,,TRUE,c/US,America/New_York;America/Chicago;America/Denver;America/Los_Angeles,eng,1080p
45TV.us,HD,HD,,TRUE,c/US,America/New_York,eng,720p
48Hours.us,US,US,,TRUE,c/US,America/New_York,eng,1080i
4KUniverse.us,SD,SD,,TRUE,c/US,America/Santiago,eng,1080p
50CentAction.us,SD,SD,,TRUE,c/US,America/New_York,eng,1080p
60DaysInbyAE.us,SD,SD,,TRUE,c/US,America/New_York;America/Chicago;America/Denver;America/Los_Angeles,eng,720p
90sKids.us,SD,SD,,TRUE,c/US,America/Los_Angeles,eng,720p
90sKidsTV2.us,SD,SD,,TRUE,c/US,America/Los_Angeles,eng,720p
AcapulcoShore.us,US,US,,FALSE,c/US,America/Los_Angeles,eng,720p
ActionMax.us,EastHD,East HD,,FALSE,c/US,America/New_York,eng;spa,1080i
ActionMax.us,WestHD,West HD,,FALSE,c/US,America/Los_Angeles,eng,1080i
AE.us,EastHD,East HD,,FALSE,c/US;c/CA,America/New_York,eng,1080p
AE.us,WestHD,West HD,,FALSE,c/US,America/Los_Angeles,eng,1080p
AMC.us,EastHD,East HD,,TRUE,c/US,America/New_York,eng,1080i
AMC.us,WestHD,West HD,,FALSE,c/US,America/Los_Angeles,eng,1080p
AmericasNextTopModel.us,SD,SD,,TRUE,c/US,America/Los_Angeles,eng,720p
Amphibia.us,SD,SD,,TRUE,c/US,America/New_York,eng,720p
AnimalPlanet.us,EastHD,East HD,,FALSE,c/US,America/New_York,eng,1080i
AnimalPlanet.us,WestHD,West HD,,FALSE,c/US,America/Los_Angeles,eng,1080i
AnimationPlus.us,SD,SD,,TRUE,c/US;c/CA,America/New_York,eng,1080p
AnimexHIDIVE.us,SD,SD,,TRUE,c/US,America/New_York,eng,1080p
AsianCultureTV.us,HD,HD,,TRUE,c/US,America/New_York,eng,1080p
BattlestarGalactica.us,SD,SD,,TRUE,c/US,America/Los_Angeles,eng,720p
BBCAmerica.us,EastHD,East HD,,FALSE,c/US,America/New_York,eng,1080i
BBCAmerica.us,WestHD,West HD,,FALSE,c/US,America/Los_Angeles,eng,1080i
BBCDrama.uk,US,US,,FALSE,c/US,America/New_York,eng,1080p
BeachTVTalkingPoints.us,TalkingPointsHD,Talking Points HD,,TRUE,c/US,America/Los_Angeles,eng,1080p
BETCinema.us,SD,SD,,TRUE,c/US,America/Los_Angeles,eng,720p
BETClassicsPlutoTV.us,SD,SD,,TRUE,c/US,America/Los_Angeles,eng,720p
BETComedyMovies.us,SD,SD,,TRUE,c/US,America/Los_Angeles,eng,720p
BETThrowbacks.us,SD,SD,,TRUE,c/US,America/Los_Angeles,eng,720p
BETVisionaries.us,SD,SD,,TRUE,c/US,America/Los_Angeles,eng,720p
BeverlyHills90210.us,SD,SD,,TRUE,c/US,America/Los_Angeles,eng,720p
BeyondtheGates.us,SD,SD,,TRUE,c/US,America/Los_Angeles,eng,720p
BigBrother.us,SD,SD,,TRUE,c/US,America/Los_Angeles,eng,720p
BlackFamilySitcoms.us,SD,SD,,TRUE,c/US,America/Los_Angeles,eng,720p
BloombergOriginals.us,US,US,,TRUE,c/US,America/New_York,eng,1080p
BlueBloods.us,SD,SD,,TRUE,c/US,America/New_York,eng,720p
BlueMountainTelevision.us,HD,HD,,TRUE,c/US,America/New_York,eng,1080i
Bonanza.us,SD,SD,,TRUE,c/US,America/Los_Angeles,eng,720p
CarChase.us,SD,SD,,TRUE,c/US,America/Los_Angeles,eng,720p
CartoonNetwork.us,HDEast,HD East,,FALSE,c/US,America/New_York,eng;spa,1080i
CartoonNetwork.us,HDWest,HD West,,FALSE,c/US,America/Los_Angeles,eng;spa;por,1080i
CBSenespanol.us,SD,SD,,TRUE,c/US,America/Los_Angeles,eng,720p
CelebrityNameGame.us,SD,SD,,TRUE,c/US,America/New_York,eng,1080p
CheersPlusFrasier.us,SD,SD,,TRUE,c/US,America/Los_Angeles,eng,720p
Cineaventura.us,SD,SD,,TRUE,c/US,America/Los_Angeles,eng,720p
Cineenespanol.us,SD,SD,,TRUE,c/US,America/Los_Angeles,eng,720p
Cinemax.us,HDEast,HD East,,FALSE,c/US,America/New_York,eng;spa,1080i
Cinemax.us,HDWest,HD West,,FALSE,c/US,America/Los_Angeles,eng;spa,1080i
CinemaxAction.us,EastHD,East HD,,FALSE,c/US,America/New_York,eng;spa,1080i
CinemaxAction.us,WestHD,West HD,,FALSE,c/US,America/Los_Angeles,eng;spa,1080i
CinemaxClassics.us,EastHD,East HD,,FALSE,c/US,America/New_York,eng,1080i
CinemaxHits.us,EastHD,East HD,,FALSE,c/US,America/New_York,eng;spa,1080i
CinemaxHits.us,WestHD,West HD,,FALSE,c/US,America/Los_Angeles,eng;spa,1080i
ClassicMovieWesterns.us,SD,SD,,TRUE,c/US,America/Los_Angeles,eng,720p
ClassicTVCrimeDrama.us,SD,SD,,TRUE,c/US,America/Los_Angeles,eng,720p
ClassicTVFamilies.us,US,US,,TRUE,c/US,America/Los_Angeles,eng,720p
CNBC.us,HD,HD,,FALSE,c/US,America/New_York,eng,1080p
CNNHeadlines.us,SD,SD,,TRUE,c/US,America/New_York,eng,1080p
CNNOriginals.us,SD,SD,,TRUE,c/US,America/New_York,eng,1080p
ComedyCentralPlutoTV.us,US,US,,TRUE,c/US,America/New_York,eng,720p
Crunchyroll.us,SD,SD,,TRUE,c/US,America/Los_Angeles,eng;jap,1080p
CSIMiami.us,SD,SD,,TRUE,c/US,America/Los_Angeles,eng,720p
CSIMiamienespanol.us,SD,SD,,TRUE,c/US,America/Los_Angeles,eng,720p
CSINY.us,SD,SD,,TRUE,c/US,America/Los_Angeles,eng,720p
CSINYenespanol.us,SD,SD,,TRUE,c/US,America/Los_Angeles,eng,720p
CuriosityNOW.de,EN,EN,US;english,FALSE,c/US,America/New_York,eng,1080p
DatingDisasters.us,SD,SD,,TRUE,c/US,America/Los_Angeles,eng,720p
DaystarReflections.us,YouTube,YouTube,,TRUE,c/US,America/New_York,eng,1080p
DCCMakingtheTeam.us,SD,SD,,TRUE,c/US,America/Los_Angeles,eng,720p
Declassified.ca,SD,SD,,TRUE,c/US;c/CA,America/Toronto,eng,1080p
DesignatedSurvivor.us,SD,SD,,TRUE,c/US,America/New_York,eng,1080p
DIJIT.us,HD,HD,,TRUE,c/US,America/New_York,eng,720p
DisneyChannel.us,HDEast,HD East,,FALSE,c/US,America/New_York,eng;spa,720p
DisneyChannel.us,HDWest,HD West,,FALSE,c/US,America/Los_Angeles,eng;spa,720p
DocumentaryPlus.us,US,US,,TRUE,c/US,America/New_York,eng,1080p
DungeonsDragonsAdventures.us,SD,SD,,TRUE,c/US,America/New_York,eng,720p
Dynasty.us,SD,SD,,TRUE,c/US,America/Los_Angeles,eng,720p
EarthDay365.ca,SD,SD,,TRUE,c/US;c/UK;c/IE,America/New_York,eng,1080p
EarthxTV.us,HD,HD,,FALSE,c/US,America/Chicago,eng,1080i
EbonyTVbyLionsgate.us,SD,SD,,TRUE,c/US,America/New_York,eng,1080p
EKeepingUp.us,SD,SD,,TRUE,c/US,America/New_York,eng,1080p
ElevationChurchNetwork.us,HD,HD,,TRUE,c/US,America/New_York,eng,1080p
ErieNewsNowPlus.us,HD,HD,,TRUE,c/US,America/New_York,eng,1080i
ExtremeJobs.us,SD,SD,,TRUE,c/US,America/New_York,eng,1080p
F1Channel.ie,US,US,,TRUE,c/US,America/New_York,eng,1080p
FanDuelSportsNetwork.us,HD,HD,,TRUE,c/US,America/New_York,eng,720p
FeelGoodDrama.us,SD,SD,,TRUE,c/US,America/Los_Angeles,eng,720p
FilAmTVNetwork.us,HD,HD,,TRUE,c/US;c/PH,America/New_York,eng;tgl,1080p
FilmRiseAnime.us,SD,SD,,TRUE,c/US;c/CA,America/New_York,eng;jap,1080p
FoxSports1.us,HD,HD,,TRUE,c/US,America/New_York,eng,720p
FoxSports2.us,HD,HD,,TRUE,c/US,America/New_York,eng,720p
FuboSportsNetwork.us,HD,HD,,FALSE,c/US,America/New_York,eng,1080p
FX.us,EastHD,East HD,,FALSE,c/US,America/New_York,eng,1080p
FX.us,WestHD,West HD,,FALSE,c/US,America/Los_Angeles,eng,1080p
FXMovieChannel.us,HD,HD,,FALSE,c/US,America/Santiago,spa;eng,1080p
FXX.us,EastHD,East HD,,FALSE,c/US,America/New_York,eng,1080p
FXX.us,WestHD,West HD,,FALSE,c/US,America/Los_Angeles,eng,1080p
GameLoop.us,HD,HD,,TRUE,c/US,America/New_York,eng,1080p
GlobalWorldTV.us,SD,SD,,TRUE,c/US,America/New_York,eng,720p
GolazoNetwork.us,SD,SD,,TRUE,c/US,America/Los_Angeles,eng,720p
GoodNewsTV.us,HD,HD,,TRUE,c/US,America/New_York,eng,1080i
GraphiteHD.us,Minus1,-1,,FALSE,c/US,America/Anchorage,eng,720p
GraphiteHD.us,West,West,,TRUE,c/US,America/Los_Angeles,eng,720p
HallmarkFamily.us,SD,SD,,TRUE,c/US,America/Los_Angeles,eng,1080p
HBO2.us,EastHD,East HD,,FALSE,c/US,America/New_York,eng;spa,1080i
HBO2.us,WestHD,West HD,,FALSE,c/US,America/Los_Angeles,eng;spa,1080i
HBOHits.us,EastHD,East HD,,FALSE,c/US,America/New_York,eng;spa,1080i
HBOHits.us,WestHD,West HD,,FALSE,c/US,America/Los_Angeles,eng;spa,1080i
HerSphere.us,SD,SD,,TRUE,c/US,America/New_York,eng,1080p
HGTV.us,EastHD,East HD,,FALSE,c/US,America/New_York,eng,1080i
HGTV.us,WestHD,West HD,,FALSE,c/US,America/Los_Angeles,eng,1080i
HogansHeroes.us,SD,SD,,TRUE,c/US,America/Los_Angeles,eng,720p
Homeful.ca,US,US,,FALSE,c/US,America/New_York,eng,1080p
HotBench.us,SD,SD,,TRUE,c/US,America/Los_Angeles,eng,720p
iCarly.us,SD,SD,,FALSE,c/US,America/Los_Angeles,eng,720p
ILoveLucy.us,SD,SD,,TRUE,c/US,America/Los_Angeles,eng,720p
InTouchPlus.us,HD,HD,,TRUE,c/US,America/New_York,eng,1080p
Investiga.us,US,US,,FALSE,c/US,America/Los_Angeles,eng,720p
JoelOsteenNetwork.us,HD,HD,,TRUE,c/US,America/New_York,eng,1080p
K5.us,SD,SD,,TRUE,c/US,America/New_York,eng,720p
KungFuMovies.us,HD,HD,,TRUE,c/US,America/New_York,eng,1080p
LaffMore.us,HD,HD,,TRUE,c/US,America/New_York,eng,720p
LasVegasTonightwithDaleDavidson.us,HD,HD,,TRUE,c/US,America/New_York,eng,1080p
LatinoChannelTV.us,HD,HD,,TRUE,c/US,America/New_York,eng,1080p
LaVozdeJesusHD.do,HD,HD,,TRUE,c/US;c/DO,America/New_York,eng;spa,720p
Lawless.us,SD,SD,,TRUE,c/US,America/New_York,eng,1080p
LiveMusic.us,SD,SD,,TRUE,c/US,America/Los_Angeles,eng,720p
LocalNewsLive.us,HD,HD,,TRUE,c/US,America/New_York,eng,1080i
LovePets.ca,US,US,,TRUE,c/US,America/New_York,eng,1080p
LoveThyNeighbor.us,SD,SD,,TRUE,c/US,America/New_York,eng,1080p
Masadrenalina.us,SD,SD,,TRUE,c/US,America/Los_Angeles,eng,720p
MGMPlus.us,EastHD,East HD,,FALSE,c/US,America/New_York,eng;spa,1080i
MGMPlus.us,WestHD,West HD,,FALSE,c/US,America/Los_Angeles,eng;spa,1080i
MGMPlusHits.us,EastHD,East HD,,FALSE,c/US,America/New_York,eng;spa,1080i
MGMPlusHits.us,WestHD,West HD,,FALSE,c/US,America/Los_Angeles,eng;spa,1080i
MoreMax.us,EastHD,East HD,,FALSE,c/US,America/New_York,eng;spa,1080i
MoreMax.us,WestHD,West HD,,FALSE,c/US,America/Los_Angeles,eng;spa,1080i
MoreTrueCrime.us,SD,SD,,TRUE,c/US,America/Los_Angeles,eng,720p
MovieSphere.us,US,US,,TRUE,c/US,America/New_York,eng,1080p
MSNBC.us,HD,HD,,TRUE,c/US,America/New_York,eng,1080i
MTVFlowLatino.us,SD,SD,,TRUE,c/US,America/Los_Angeles,eng,720p
NashBridges.us,SD,SD,,TRUE,c/US;c/CA,America/New_York,eng,1080p
Nashville.us,SD,SD,,TRUE,c/US,America/New_York,eng,1080p
NationalGeographic.us,HDEast,HD East,,FALSE,c/US,America/New_York,eng,1080i
NationalGeographicWild.us,HDEast,HD East,,FALSE,c/US,America/New_York,eng,1080i
NBCComedyVault.us,SD,SD,,TRUE,c/US,America/New_York,eng,1080p
NBCLXHome.us,HD,HD,,TRUE,c/US,America/New_York,eng,1080p
NBCNewsNOW.us,HD,HD,,FALSE,c/US;c/UK,America/New_York,eng,1080i
NBCSportsNOW.us,SD,SD,,TRUE,c/US,America/New_York,eng,1080p
News12PlusConnecticut.us,HD,HD,,TRUE,c/US;s/US-CT,America/New_York,eng,720p
News12PlusHudsonValley.us,HD,HD,,TRUE,c/US;s/US-NY,America/New_York,eng,720p
News12PlusLongIsland.us,HD,HD,,TRUE,c/US;s/US-NY,America/New_York,eng,720p
News12PlusNewJersey.us,HD,HD,,TRUE,c/US;s/US-NJ,America/New_York,eng,720p
News12PlusNewYork.us,HD,HD,,TRUE,c/US;s/US-NY,America/New_York,eng,720p
NewsoftheWorld.us,USA,USA,NOW USA,FALSE,c/US,America/New_York,eng,1080p
Nickelodeon.us,EastHD,East HD,,FALSE,c/US,America/New_York,eng,1080p
Nickelodeon.us,WestHD,West HD,,FALSE,c/US,America/Los_Angeles,eng,1080p
Nickelodeonenespanol.us,SD,SD,,TRUE,c/US,America/Los_Angeles,eng,720p
NickelodeonPlutoTV.us,SD,SD,,TRUE,c/US,America/New_York,eng,720p
NickJr.us,EastHD,East HD,,FALSE,c/US,America/New_York,eng,1080p
NickJr.us,WestHD,West HD,,FALSE,c/US,America/Los_Angeles,eng,1080p
NorCastWeather.us,HD,HD,,TRUE,c/US,America/New_York,eng,1080p
NorthStarSportsEntertainmentNetwork.us,HD,HD,,TRUE,c/US,America/New_York,eng,720p
OutdoorChannel.us,HD,HD,,FALSE,c/US;c/CA,America/Denver,eng,1080i
OuterSphere.us,SD,SD,,TRUE,c/US,America/New_York,eng,1080p
PacificIslandNetwork.us,HD,HD,,TRUE,c/US,America/New_York,eng,1080p
PBSRetro.us,SD,SD,,TRUE,c/US,America/New_York,eng,1080p
PBSTravel.us,SD,SD,,TRUE,c/US;c/CA,America/New_York,eng,1080p
PeachtreeSportsNetwork.us,SD,SD,,TRUE,c/US,America/New_York,eng,720p
PeachtreeSportsNetwork.us,WPCHHD,WPCH-HD,,FALSE,c/US,America/New_York,eng,1080i
PenthousePassion.us,HD,HD,,FALSE,c/US,America/Santiago,eng,1080i
PeppaPig.us,SD,SD,,TRUE,c/US,America/Los_Angeles,eng,720p
PickleballTV.us,HD,HD,,TRUE,c/US,America/New_York,eng,1080p
Placid.us,EastHD,East HD,,TRUE,c/US,America/New_York,eng,1080p
PlutoTVAdventure.us,US,US,,TRUE,c/US,America/New_York,eng,720p
PlutoTVAnime.us,US,US,,TRUE,c/US,America/New_York,eng;jap,720p
PlutoTVAnime.us,USPlus,US+,,FALSE,c/US,America/New_York,eng;jap,720p
PlutoTVAnimeMovies.us,SD,SD,,TRUE,c/US,America/New_York,eng;jap,720p
PlutoTVCompetition.us,SD,SD,,TRUE,c/US,America/New_York,eng,720p
PlutoTVFranchiseFavorites.us,SD,SD,,TRUE,c/US,America/Los_Angeles,eng,720p
PlutoTVHometownDrama.us,SD,SD,,TRUE,c/US,America/New_York,eng,720p
PlutoTVIcons.us,SD,SD,,TRUE,c/US,America/New_York,eng,720p
PlutoTVPokemon.us,US,US,,TRUE,c/US,America/New_York,eng,720p
PlutoTVTheTwilightZone.us,SD,SD,,TRUE,c/US,America/New_York,eng,720p
PlutoTVTrendingNow.us,SD,SD,,TRUE,c/US,America/New_York,eng,720p
PoconoTelevisionNetwork.us,HD,HD,,TRUE,c/US,America/New_York,eng,1080p
Rawhide.us,SD,SD,,TRUE,c/US,America/Los_Angeles,eng,720p
RedBullTV.at,US,US,,FALSE,c/US;c/CA,America/New_York,eng,1080p
Ridiculousness.us,SD,SD,,TRUE,c/US,America/Los_Angeles,eng,720p
RipCityTelevisionNetwork.us,HD,HD,,TRUE,c/US,America/New_York,eng,1080i
RockEntertainmentSportsNetwork.us,HD,HD,,TRUE,c/US,America/New_York,eng,720p
RVTV.us,HD,HD,,TRUE,c/US,America/New_York,eng,1080p
SCorbyTV.us,HD,HD,,TRUE,c/US,America/New_York,eng,1080p
SFree.us,HD,HD,,TRUE,c/US,America/New_York,eng,1080p
ShauntheSheepFriends.uk,US,US,,TRUE,c/US,America/New_York,eng,1080p
ShemarooBollywood.us,US,US,,FALSE,c/US,America/New_York,eng,1080i
SitcomLegends.us,SD,SD,,TRUE,c/US,America/Los_Angeles,eng,720p
SketchyAF.us,SD,SD,,TRUE,c/US,America/Los_Angeles,eng,720p
SMetroTV.us,HD,HD,,TRUE,c/US,America/New_York,eng,1080p
SNLVault.us,SD,SD,,TRUE,c/US,America/New_York,eng,1080p
SPlayEvent.us,HD,HD,,TRUE,c/US,America/New_York,eng,1080p
SPremium.us,HD,HD,,FALSE,c/US,America/New_York,eng,1080p
StadiumCollegeSports.us,AtlanticHD,Atlantic HD,,FALSE,c/US,America/New_York,eng,720p
StadiumCollegeSports.us,CentralHD,Central HD,,FALSE,c/US,America/Chicago,eng,720p
StadiumCollegeSports.us,PacificHD,Pacific HD,,FALSE,c/US,America/Los_Angeles,eng,720p
StarTrek.us,US,US,,FALSE,c/US,America/Los_Angeles,eng,720p
StarTrekDeepSpaceNine.us,SD,SD,,TRUE,c/US,America/Los_Angeles,eng,720p
StarTrekTheNextGeneration.us,SD,SD,,TRUE,c/US,America/Los_Angeles,eng,720p
StarTrekVoyager.us,SD,SD,,TRUE,c/US,America/Los_Angeles,eng,720p
StoriesbyAMC.us,HD,HD,DRM,FALSE,c/US,America/New_York,eng,1080p
StrykTV.us,HD,HD,,TRUE,c/US,America/Chicago,eng,1080p
STV.us,HD,HD,,TRUE,c/US,America/New_York,eng,1080p
SupernaturalDrama.us,SD,SD,,TRUE,c/US,America/Los_Angeles,eng,720p
SWAT.us,SD,SD,,TRUE,c/US,America/Los_Angeles,eng,720p
TCT.us,WSPFCD,WSPF-CD,,FALSE,c/US,America/New_York,eng,1080i
TDAmeritradeNetwork.us,SD,SD,,TRUE,c/US,America/New_York,eng,1080i
Telemundo.us,EastHD,East HD,,FALSE,c/US,America/New_York,eng,1080p
Telemundo.us,WestHD,West HD,,FALSE,c/US,America/Los_Angeles,eng,1080p
TennesseeValleySportsEntertainmentNetwork.us,HD,HD,,TRUE,c/US,America/Chicago,eng,720p
TheBradyBunch.us,SD,SD,,TRUE,c/US,America/Los_Angeles,eng,720p
TheConners.us,SD,SD,,TRUE,c/US;c/CA,America/New_York,eng,1080p
TheDoctors.us,HD,HD,,TRUE,c/US,America/New_York,eng,1080p
TheGoodWife.us,SD,SD,,TRUE,c/US,America/New_York,eng,720p
TheHillsLagunaBeach.us,SD,SD,,TRUE,c/US,America/Los_Angeles,eng,720p
TheLatinZoneTV.us,HD,HD,,TRUE,c/US;c/DO,America/New_York,eng;spa,720p
TheLoudHouse.us,HD,HD,,TRUE,c/US,America/New_York,eng,720p
TheM.us,SD,SD,,TRUE,c/US,America/New_York,eng,720p
ThePinkPanther.us,SD,SD,,TRUE,c/US,America/New_York,eng,1080p
ThePriceIsRight.us,HD,HD,,TRUE,c/US,America/New_York,eng,720p
TheSpot.us,SD,SD,,TRUE,c/US,America/New_York,eng,720p
TheSpotArizona61.us,HD,HD,,TRUE,c/US,America/New_York,eng,1080i
TheWendyWilliamsShow.us,SD,SD,,TRUE,c/US,America/New_York,eng,1080p
TheWildWildWest.us,SD,SD,,TRUE,c/US,America/Los_Angeles,eng,720p
ThrillerMax.us,EastHD,East HD,,FALSE,c/US,America/New_York,eng,1080i
ThrillerMax.us,WestHD,West HD,,FALSE,c/US,America/Los_Angeles,eng,1080i
TomAndJerry.do,HD,HD,,TRUE,c/US;c/DO,America/New_York,eng,720p
ToughJobs.us,SD,SD,,TRUE,c/US,America/Los_Angeles,eng,720p
TransformersTV.us,SD,SD,,TRUE,c/US,America/Los_Angeles,eng,720p
TurismoHD.do,HD,HD,,TRUE,c/US;c/DO,America/New_York,eng;spa,720p
TVW.us,HD,HD,,TRUE,c/US,America/New_York,eng,1080i
Univision.us,EastHD,East HD,,FALSE,c/US,America/New_York,eng,1080p
Univision.us,WestHD,West HD,,FALSE,c/US,America/Los_Angeles,eng,1080p
VegasLifeTV.us,HD,HD,,TRUE,c/US;c/PH,America/New_York,eng;tgl,1080p
VH1QueensofReality.us,SD,SD,,TRUE,c/US,America/Los_Angeles,eng,720p
WatchmenChristianTV.us,SD,SD,,TRUE,c/US,America/New_York,eng,720p
WeedsNurseJackie.us,SD,SD,,TRUE,c/US,America/New_York,eng,1080p
WFMZHD.us,SD,SD,,TRUE,c/US,America/New_York,eng,720p
Whiplash.us,HD,HD,,TRUE,c/US,America/New_York,eng,720p
WillowSports.us,SD,SD,,TRUE,c/US;c/CA,America/Los_Angeles,eng,1080p
WindowTV.us,SD,SD,,TRUE,c/US,America/New_York,eng,720p
WineWatchesWhiskey.us,HD,HD,,TRUE,c/US,America/New_York,eng,1080p
WorldChannel.us,WMABTV,WMAB-TV,,FALSE,c/US,America/New_York,eng,1080i
XITE60s70sGroove.nl,US,US,,TRUE,c/US,America/New_York,eng,1080p
XITE90sThrowback.us,SD,SD,,TRUE,c/US;c/CA,America/New_York,eng,1080p
XITECelebrates.us,SD,SD,,TRUE,c/US;c/CA,America/New_York,eng,1080p
XITEClassicCountry.nl,SD,SD,,TRUE,c/US,America/New_York,eng,1080p
XITEHipHopEvolution.us,SD,SD,,TRUE,c/US;c/CA,America/New_York,eng,1080p
XITEHits.nl,US,US,,FALSE,c/US;c/CA,America/New_York,eng,1080p
XITEJustChill.nl,US,US,,TRUE,c/US,America/New_York,eng,1080p
XITERapGame.us,SD,SD,,TRUE,c/US;c/CA,America/New_York,eng,1080p
XITERBFeels.us,SD,SD,,TRUE,c/US;c/CA,America/New_York,eng,1080p
XITERockxMetal.nl,US,US,,TRUE,c/US,America/New_York,eng,1080p
YouTubeTVZen.us,HD,HD,,TRUE,c/US,America/New_York,eng,1080p
ZeeTVUSA.us,HD,HD,,FALSE,c/US,America/New_York,eng,1080i
